ID,Pred
,
2019_1101_1113,0.248040913
,
2019_1101_1120,0.161090312
,
2019_1101_1124,0.237681109
,
2019_1101_1125,0.216982787
,
2019_1101_1133,0.481110705
,
2019_1101_1138,0.175328397
,
2019_1101_1153,0.171372868
,
2019_1101_1159,0.398198967
,
2019_1101_1181,0.086396411
,
2019_1101_1192,0.582836973
,
2019_1101_1196,0.252759066
,
2019_1101_1199,0.134462192
,
2019_1101_1205,0.619385009
,
2019_1101_1209,0.381949326
,
2019_1101_1211,0.07490615
,
2019_1101_1222,0.119827091
,
2019_1101_1233,0.519892549
,
2019_1101_1234,0.307375585
,
2019_1101_1235,0.192150055
,
2019_1101_1242,0.207649014
,
2019_1101_1243,0.133699025
,
2019_1101_1246,0.131512761
,
2019_1101_1251,0.434736914
,
2019_1101_1257,0.271414454
,
2019_1101_1261,0.157170363
,
2019_1101_1266,0.204941411
,
2019_1101_1268,0.275625149
,
2019_1101_1276,0.132184288
,
2019_1101_1277,0.121951499
,
2019_1101_1278,0.337187463
,
2019_1101_1279,0.331912082
,
2019_1101_1280,0.177088687
,
2019_1101_1285,0.327852302
,
2019_1101_1293,0.25236489
,
2019_1101_1295,0.645099661
,
2019_1101_1297,0.352409967
,
2019_1101_1300,0.708491911
,
2019_1101_1305,0.131449545
,
2019_1101_1308,0.176477302
,
2019_1101_1314,0.086929618
,
2019_1101_1318,0.273129201
,
2019_1101_1326,0.303206978
,
2019_1101_1328,0.312466393
,
2019_1101_1330,0.375026571
,
2019_1101_1332,0.172978895
,
2019_1101_1341,0.59857019
,
2019_1101_1345,0.127584085
,
2019_1101_1371,0.226026419
,
2019_1101_1385,0.341535098
,
2019_1101_1387,0.32793423
,
2019_1101_1388,0.242039182
,
2019_1101_1393,0.26427496
,
2019_1101_1396,0.255223889
,
2019_1101_1397,0.128714334
,
2019_1101_1403,0.111090923
,
2019_1101_1414,0.248413927
,
2019_1101_1416,0.278437419
,
2019_1101_1429,0.205462483
,
2019_1101_1433,0.166022271
,
2019_1101_1436,0.240896155
,
2019_1101_1437,0.136840564
,
2019_1101_1438,0.074717993
,
2019_1101_1439,0.16559093
,
2019_1101_1449,0.23668967
,
2019_1101_1458,0.211491553
,
2019_1101_1459,0.205606477
,
2019_1101_1463,0.330373701
,
2019_1113_1120,0.34298022
,
2019_1113_1124,0.445318429
,
2019_1113_1125,0.53006603
,
2019_1113_1133,0.790726991
,
2019_1113_1138,0.417243798
,
2019_1113_1153,0.299092639
,
2019_1113_1159,0.715966253
,
2019_1113_1181,0.168314613
,
2019_1113_1192,0.818413774
,
2019_1113_1196,0.488496528
,
2019_1113_1199,0.262179721
,
2019_1113_1205,0.836934139
,
2019_1113_1209,0.735840594
,
2019_1113_1211,0.164617899
,
2019_1113_1222,0.257891457
,
2019_1113_1233,0.81242254
,
2019_1113_1234,0.590030262
,
2019_1113_1235,0.358402445
,
2019_1113_1242,0.359329892
,
2019_1113_1243,0.285676759
,
2019_1113_1246,0.248786911
,
2019_1113_1251,0.761262338
,
2019_1113_1257,0.482393434
,
2019_1113_1261,0.337774325
,
2019_1113_1266,0.400758667
,
2019_1113_1268,0.508796537
,
2019_1113_1276,0.257101094
,
2019_1113_1277,0.235594881
,
2019_1113_1278,0.613153417
,
2019_1113_1279,0.627394278
,
2019_1113_1280,0.387203254
,
2019_1113_1285,0.684540676
,
2019_1113_1293,0.570006402
,
2019_1113_1295,0.849676484
,
2019_1113_1297,0.713960413
,
2019_1113_1300,0.871901796
,
2019_1113_1305,0.30728471
,
2019_1113_1308,0.428132892
,
2019_1113_1314,0.180855222
,
2019_1113_1318,0.585174798
,
2019_1113_1326,0.558849017
,
2019_1113_1328,0.561537124
,
2019_1113_1330,0.687442014
,
2019_1113_1332,0.381807393
,
2019_1113_1341,0.815790106
,
2019_1113_1345,0.277053581
,
2019_1113_1371,0.440007745
,
2019_1113_1385,0.630985082
,
2019_1113_1387,0.633862912
,
2019_1113_1388,0.521376511
,
2019_1113_1393,0.526343521
,
2019_1113_1396,0.528585147
,
2019_1113_1397,0.258826119
,
2019_1113_1403,0.222815624
,
2019_1113_1414,0.568749564
,
2019_1113_1416,0.525351438
,
2019_1113_1429,0.466743348
,
2019_1113_1433,0.41528055
,
2019_1113_1436,0.570509449
,
2019_1113_1437,0.271030898
,
2019_1113_1438,0.153463055
,
2019_1113_1439,0.349696955
,
2019_1113_1449,0.465957065
,
2019_1113_1458,0.416615136
,
2019_1113_1459,0.531245937
,
2019_1113_1463,0.706322761
,
2019_1120_1124,0.641742432
,
2019_1120_1125,0.705384854
,
2019_1120_1133,0.884027465
,
2019_1120_1138,0.63260675
,
2019_1120_1153,0.456937996
,
2019_1120_1159,0.838729685
,
2019_1120_1181,0.302203384
,
2019_1120_1192,0.891497979
,
2019_1120_1196,0.687569514
,
2019_1120_1199,0.421709969
,
2019_1120_1205,0.900378875
,
2019_1120_1209,0.848485847
,
2019_1120_1211,0.302267107
,
2019_1120_1222,0.400788127
,
2019_1120_1233,0.89442537
,
2019_1120_1234,0.751593476
,
2019_1120_1235,0.568148994
,
2019_1120_1242,0.523977073
,
2019_1120_1243,0.460342979
,
2019_1120_1246,0.403592622
,
2019_1120_1251,0.861120847
,
2019_1120_1257,0.678051674
,
2019_1120_1261,0.505987851
,
2019_1120_1266,0.592094004
,
2019_1120_1268,0.68266002
,
2019_1120_1276,0.416907663
,
2019_1120_1277,0.387285065
,
2019_1120_1278,0.769983391
,
2019_1120_1279,0.777374239
,
2019_1120_1280,0.589862679
,
2019_1120_1285,0.823216325
,
2019_1120_1293,0.741274082
,
2019_1120_1295,0.910541282
,
2019_1120_1297,0.844729719
,
2019_1120_1300,0.920716134
,
2019_1120_1305,0.507846267
,
2019_1120_1308,0.636091079
,
2019_1120_1314,0.308120182
,
2019_1120_1318,0.754245081
,
2019_1120_1326,0.727144293
,
2019_1120_1328,0.728445268
,
2019_1120_1330,0.80836149
,
2019_1120_1332,0.596754963
,
2019_1120_1341,0.891266621
,
2019_1120_1345,0.435982658
,
2019_1120_1371,0.613914874
,
2019_1120_1385,0.765531655
,
2019_1120_1387,0.778261517
,
2019_1120_1388,0.730317803
,
2019_1120_1393,0.699103819
,
2019_1120_1396,0.717338654
,
2019_1120_1397,0.432206713
,
2019_1120_1403,0.374163313
,
2019_1120_1414,0.727235992
,
2019_1120_1416,0.721183603
,
2019_1120_1429,0.676175388
,
2019_1120_1433,0.626756434
,
2019_1120_1436,0.736895876
,
2019_1120_1437,0.412531008
,
2019_1120_1438,0.270917492
,
2019_1120_1439,0.521828665
,
2019_1120_1449,0.667297118
,
2019_1120_1458,0.592098194
,
2019_1120_1459,0.699635112
,
2019_1120_1463,0.844604472
,
2019_1124_1125,0.597764384
,
2019_1124_1133,0.812733032
,
2019_1124_1138,0.499536689
,
2019_1124_1153,0.319905368
,
2019_1124_1159,0.7767329
,
2019_1124_1181,0.203466058
,
2019_1124_1192,0.8680764
,
2019_1124_1196,0.532238608
,
2019_1124_1199,0.309979547
,
2019_1124_1205,0.866359204
,
2019_1124_1209,0.765054152
,
2019_1124_1211,0.196900924
,
2019_1124_1222,0.304658156
,
2019_1124_1233,0.831503691
,
2019_1124_1234,0.637248134
,
2019_1124_1235,0.399783919
,
2019_1124_1242,0.379977934
,
2019_1124_1243,0.33580547
,
2019_1124_1246,0.29970896
,
2019_1124_1251,0.812592808
,
2019_1124_1257,0.514126636
,
2019_1124_1261,0.367864417
,
2019_1124_1266,0.44455081
,
2019_1124_1268,0.543077791
,
2019_1124_1276,0.306742478
,
2019_1124_1277,0.285371199
,
2019_1124_1278,0.657191058
,
2019_1124_1279,0.66585868
,
2019_1124_1280,0.435510692
,
2019_1124_1285,0.745753893
,
2019_1124_1293,0.643483022
,
2019_1124_1295,0.865569107
,
2019_1124_1297,0.767848955
,
2019_1124_1300,0.889243886
,
2019_1124_1305,0.379421437
,
2019_1124_1308,0.498648346
,
2019_1124_1314,0.209041617
,
2019_1124_1318,0.658270422
,
2019_1124_1326,0.606599502
,
2019_1124_1328,0.601499171
,
2019_1124_1330,0.707878201
,
2019_1124_1332,0.455512532
,
2019_1124_1341,0.861260249
,
2019_1124_1345,0.329697973
,
2019_1124_1371,0.476501224
,
2019_1124_1385,0.659434414
,
2019_1124_1387,0.666837767
,
2019_1124_1388,0.603810955
,
2019_1124_1393,0.564887738
,
2019_1124_1396,0.572846315
,
2019_1124_1397,0.31287056
,
2019_1124_1403,0.272216097
,
2019_1124_1414,0.631083021
,
2019_1124_1416,0.567081087
,
2019_1124_1429,0.550436114
,
2019_1124_1433,0.500304796
,
2019_1124_1436,0.631162899
,
2019_1124_1437,0.28571018
,
2019_1124_1438,0.179349059
,
2019_1124_1439,0.376114591
,
2019_1124_1449,0.504791967
,
2019_1124_1458,0.434145086
,
2019_1124_1459,0.597293014
,
2019_1124_1463,0.76722734
,
2019_1125_1133,0.769685784
,
2019_1125_1138,0.356299164
,
2019_1125_1153,0.299131321
,
2019_1125_1159,0.704316446
,
2019_1125_1181,0.158265471
,
2019_1125_1192,0.803391993
,
2019_1125_1196,0.443121834
,
2019_1125_1199,0.275222128
,
2019_1125_1205,0.846042316
,
2019_1125_1209,0.730629265
,
2019_1125_1211,0.182958801
,
2019_1125_1222,0.23872472
,
2019_1125_1233,0.80307604
,
2019_1125_1234,0.5413583
,
2019_1125_1235,0.344212774
,
2019_1125_1242,0.390461211
,
2019_1125_1243,0.282069979
,
2019_1125_1246,0.240517889
,
2019_1125_1251,0.72652147
,
2019_1125_1257,0.441881887
,
2019_1125_1261,0.308634615
,
2019_1125_1266,0.344369394
,
2019_1125_1268,0.447114265
,
2019_1125_1276,0.276057641
,
2019_1125_1277,0.221632688
,
2019_1125_1278,0.547201567
,
2019_1125_1279,0.576377413
,
2019_1125_1280,0.331629291
,
2019_1125_1285,0.653147803
,
2019_1125_1293,0.505658638
,
2019_1125_1295,0.849244491
,
2019_1125_1297,0.682372276
,
2019_1125_1300,0.856071527
,
2019_1125_1305,0.277395777
,
2019_1125_1308,0.353464024
,
2019_1125_1314,0.162888567
,
2019_1125_1318,0.520855692
,
2019_1125_1326,0.516984094
,
2019_1125_1328,0.520350787
,
2019_1125_1330,0.637920106
,
2019_1125_1332,0.339712872
,
2019_1125_1341,0.801388253
,
2019_1125_1345,0.2558567
,
2019_1125_1371,0.418083424
,
2019_1125_1385,0.580977138
,
2019_1125_1387,0.600293881
,
2019_1125_1388,0.441191746
,
2019_1125_1393,0.457454252
,
2019_1125_1396,0.488608058
,
2019_1125_1397,0.252909543
,
2019_1125_1403,0.227895941
,
2019_1125_1414,0.486655967
,
2019_1125_1416,0.484131677
,
2019_1125_1429,0.37955972
,
2019_1125_1433,0.370491726
,
2019_1125_1436,0.510765079
,
2019_1125_1437,0.254129012
,
2019_1125_1438,0.136005386
,
2019_1125_1439,0.328964345
,
2019_1125_1449,0.421250046
,
2019_1125_1458,0.36353721
,
2019_1125_1459,0.471103189
,
2019_1125_1463,0.671292646
,
2019_1133_1138,0.206405654
,
2019_1133_1153,0.171700479
,
2019_1133_1159,0.488599474
,
2019_1133_1181,0.091849505
,
2019_1133_1192,0.640732998
,
2019_1133_1196,0.271377983
,
2019_1133_1199,0.147264822
,
2019_1133_1205,0.71037971
,
2019_1133_1209,0.505893491
,
2019_1133_1211,0.087628139
,
2019_1133_1222,0.131044309
,
2019_1133_1233,0.637355801
,
2019_1133_1234,0.337465454
,
2019_1133_1235,0.203981013
,
2019_1133_1242,0.228276908
,
2019_1133_1243,0.155334785
,
2019_1133_1246,0.134611717
,
2019_1133_1251,0.514899488
,
2019_1133_1257,0.279005201
,
2019_1133_1261,0.178942283
,
2019_1133_1266,0.207921694
,
2019_1133_1268,0.283287871
,
2019_1133_1276,0.149219398
,
2019_1133_1277,0.122224301
,
2019_1133_1278,0.350993799
,
2019_1133_1279,0.367302662
,
2019_1133_1280,0.192881164
,
2019_1133_1285,0.439195197
,
2019_1133_1293,0.284109366
,
2019_1133_1295,0.720647622
,
2019_1133_1297,0.475671192
,
2019_1133_1300,0.744063951
,
2019_1133_1305,0.151042943
,
2019_1133_1308,0.191227092
,
2019_1133_1314,0.098314618
,
2019_1133_1318,0.295173095
,
2019_1133_1326,0.335176056
,
2019_1133_1328,0.337596401
,
2019_1133_1330,0.411548106
,
2019_1133_1332,0.191707664
,
2019_1133_1341,0.658327641
,
2019_1133_1345,0.141076706
,
2019_1133_1371,0.249114874
,
2019_1133_1385,0.374693396
,
2019_1133_1387,0.361321744
,
2019_1133_1388,0.259014464
,
2019_1133_1393,0.280236667
,
2019_1133_1396,0.289605382
,
2019_1133_1397,0.143211318
,
2019_1133_1403,0.123576398
,
2019_1133_1414,0.273819705
,
2019_1133_1416,0.304728127
,
2019_1133_1429,0.2165634
,
2019_1133_1433,0.190403019
,
2019_1133_1436,0.282112899
,
2019_1133_1437,0.14719471
,
2019_1133_1438,0.079935857
,
2019_1133_1439,0.186636742
,
2019_1133_1449,0.255313184
,
2019_1133_1458,0.220566847
,
2019_1133_1459,0.251093617
,
2019_1133_1463,0.445694028
,
2019_1138_1153,0.39466054
,
2019_1138_1159,0.79994867
,
2019_1138_1181,0.241466873
,
2019_1138_1192,0.874070001
,
2019_1138_1196,0.599739866
,
2019_1138_1199,0.359766531
,
2019_1138_1205,0.888096273
,
2019_1138_1209,0.814085581
,
2019_1138_1211,0.228752068
,
2019_1138_1222,0.337461993
,
2019_1138_1233,0.87554012
,
2019_1138_1234,0.672538252
,
2019_1138_1235,0.458601771
,
2019_1138_1242,0.466246724
,
2019_1138_1243,0.379511081
,
2019_1138_1246,0.336271977
,
2019_1138_1251,0.824835972
,
2019_1138_1257,0.578472849
,
2019_1138_1261,0.435129971
,
2019_1138_1266,0.488224312
,
2019_1138_1268,0.583631292
,
2019_1138_1276,0.35357687
,
2019_1138_1277,0.313317976
,
2019_1138_1278,0.684291799
,
2019_1138_1279,0.700797622
,
2019_1138_1280,0.484765707
,
2019_1138_1285,0.775415817
,
2019_1138_1293,0.674325148
,
2019_1138_1295,0.893039907
,
2019_1138_1297,0.792836254
,
2019_1138_1300,0.914847441
,
2019_1138_1305,0.398834226
,
2019_1138_1308,0.532393281
,
2019_1138_1314,0.251410398
,
2019_1138_1318,0.69178633
,
2019_1138_1326,0.639775382
,
2019_1138_1328,0.645442242
,
2019_1138_1330,0.768813943
,
2019_1138_1332,0.491564255
,
2019_1138_1341,0.874965729
,
2019_1138_1345,0.368265649
,
2019_1138_1371,0.520380114
,
2019_1138_1385,0.702151694
,
2019_1138_1387,0.743782614
,
2019_1138_1388,0.626108027
,
2019_1138_1393,0.612871633
,
2019_1138_1396,0.629941943
,
2019_1138_1397,0.34620859
,
2019_1138_1403,0.305227956
,
2019_1138_1414,0.667306852
,
2019_1138_1416,0.632869719
,
2019_1138_1429,0.566122601
,
2019_1138_1433,0.52943107
,
2019_1138_1436,0.676662955
,
2019_1138_1437,0.344217214
,
2019_1138_1438,0.212492795
,
2019_1138_1439,0.455786654
,
2019_1138_1449,0.577458951
,
2019_1138_1458,0.512566994
,
2019_1138_1459,0.635096077
,
2019_1138_1463,0.788071669
,
2019_1153_1159,0.8256031
,
2019_1153_1181,0.338580335
,
2019_1153_1192,0.88670208
,
2019_1153_1196,0.664110921
,
2019_1153_1199,0.445893048
,
2019_1153_1205,0.890208889
,
2019_1153_1209,0.834439514
,
2019_1153_1211,0.316651598
,
2019_1153_1222,0.446316852
,
2019_1153_1233,0.882637735
,
2019_1153_1234,0.754792287
,
2019_1153_1235,0.594168575
,
2019_1153_1242,0.53731695
,
2019_1153_1243,0.495055654
,
2019_1153_1246,0.440524329
,
2019_1153_1251,0.859663345
,
2019_1153_1257,0.685706457
,
2019_1153_1261,0.546099383
,
2019_1153_1266,0.616962296
,
2019_1153_1268,0.710151331
,
2019_1153_1276,0.458037529
,
2019_1153_1277,0.423524205
,
2019_1153_1278,0.765842919
,
2019_1153_1279,0.762142698
,
2019_1153_1280,0.597549159
,
2019_1153_1285,0.809397635
,
2019_1153_1293,0.728583297
,
2019_1153_1295,0.901061611
,
2019_1153_1297,0.8310571
,
2019_1153_1300,0.913312343
,
2019_1153_1305,0.550288663
,
2019_1153_1308,0.626116225
,
2019_1153_1314,0.346248951
,
2019_1153_1318,0.738111634
,
2019_1153_1326,0.726159425
,
2019_1153_1328,0.723971958
,
2019_1153_1330,0.781477173
,
2019_1153_1332,0.613496853
,
2019_1153_1341,0.884599456
,
2019_1153_1345,0.481763914
,
2019_1153_1371,0.654728137
,
2019_1153_1385,0.765775047
,
2019_1153_1387,0.749033305
,
2019_1153_1388,0.7195776
,
2019_1153_1393,0.692867082
,
2019_1153_1396,0.710211823
,
2019_1153_1397,0.455844489
,
2019_1153_1403,0.410188663
,
2019_1153_1414,0.712360016
,
2019_1153_1416,0.694763896
,
2019_1153_1429,0.667412582
,
2019_1153_1433,0.627665992
,
2019_1153_1436,0.717914809
,
2019_1153_1437,0.444414755
,
2019_1153_1438,0.298899174
,
2019_1153_1439,0.554838347
,
2019_1153_1449,0.639156058
,
2019_1153_1458,0.600592819
,
2019_1153_1459,0.682266329
,
2019_1153_1463,0.82674458
,
2019_1159_1181,0.104551041
,
2019_1159_1192,0.678566762
,
2019_1159_1196,0.32151346
,
2019_1159_1199,0.173750351
,
2019_1159_1205,0.746290826
,
2019_1159_1209,0.508784571
,
2019_1159_1211,0.10100673
,
2019_1159_1222,0.161826419
,
2019_1159_1233,0.659709592
,
2019_1159_1234,0.398610951
,
2019_1159_1235,0.252776933
,
2019_1159_1242,0.273644023
,
2019_1159_1243,0.180011324
,
2019_1159_1246,0.167213071
,
2019_1159_1251,0.525143651
,
2019_1159_1257,0.343160377
,
2019_1159_1261,0.225456574
,
2019_1159_1266,0.275906124
,
2019_1159_1268,0.350355145
,
2019_1159_1276,0.18036784
,
2019_1159_1277,0.155521096
,
2019_1159_1278,0.438213295
,
2019_1159_1279,0.415704801
,
2019_1159_1280,0.241136852
,
2019_1159_1285,0.41299643
,
2019_1159_1293,0.309414501
,
2019_1159_1295,0.764119967
,
2019_1159_1297,0.461746019
,
2019_1159_1300,0.783129715
,
2019_1159_1305,0.178773314
,
2019_1159_1308,0.220425122
,
2019_1159_1314,0.111680855
,
2019_1159_1318,0.33485035
,
2019_1159_1326,0.387529382
,
2019_1159_1328,0.403399982
,
2019_1159_1330,0.454716454
,
2019_1159_1332,0.220652135
,
2019_1159_1341,0.673979061
,
2019_1159_1345,0.169962432
,
2019_1159_1371,0.290334477
,
2019_1159_1385,0.43502082
,
2019_1159_1387,0.415617949
,
2019_1159_1388,0.323068751
,
2019_1159_1393,0.329386003
,
2019_1159_1396,0.344208306
,
2019_1159_1397,0.189170989
,
2019_1159_1403,0.142592278
,
2019_1159_1414,0.307648102
,
2019_1159_1416,0.359424618
,
2019_1159_1429,0.272666414
,
2019_1159_1433,0.210365741
,
2019_1159_1436,0.289438745
,
2019_1159_1437,0.194470145
,
2019_1159_1438,0.097476913
,
2019_1159_1439,0.224585274
,
2019_1159_1449,0.297754906
,
2019_1159_1458,0.286894586
,
2019_1159_1459,0.267410367
,
2019_1159_1463,0.459028682
,
2019_1181_1192,0.938996045
,
2019_1181_1196,0.826808058
,
2019_1181_1199,0.65089315
,
2019_1181_1205,0.943113916
,
2019_1181_1209,0.917638542
,
2019_1181_1211,0.462993032
,
2019_1181_1222,0.642365304
,
2019_1181_1233,0.939790533
,
2019_1181_1234,0.866370971
,
2019_1181_1235,0.778480781
,
2019_1181_1242,0.743835693
,
2019_1181_1243,0.695520569
,
2019_1181_1246,0.656880891
,
2019_1181_1251,0.918671376
,
2019_1181_1257,0.839360392
,
2019_1181_1261,0.75247406
,
2019_1181_1266,0.802603156
,
2019_1181_1268,0.84359718
,
2019_1181_1276,0.650390027
,
2019_1181_1277,0.609145418
,
2019_1181_1278,0.865440259
,
2019_1181_1279,0.866813146
,
2019_1181_1280,0.788919859
,
2019_1181_1285,0.897383009
,
2019_1181_1293,0.841853167
,
2019_1181_1295,1
,
2019_1181_1297,0.913188559
,
2019_1181_1300,0.956218242
,
2019_1181_1305,0.723472832
,
2019_1181_1308,0.752694749
,
2019_1181_1314,0.500497535
,
2019_1181_1318,0.837356018
,
2019_1181_1326,0.839532449
,
2019_1181_1328,0.849279962
,
2019_1181_1330,0.888768836
,
2019_1181_1332,0.78429819
,
2019_1181_1341,0.934379767
,
2019_1181_1345,0.676369409
,
2019_1181_1371,0.801052219
,
2019_1181_1385,0.867292174
,
2019_1181_1387,0.873113564
,
2019_1181_1388,0.858929945
,
2019_1181_1393,0.832867621
,
2019_1181_1396,0.838976876
,
2019_1181_1397,0.682550615
,
2019_1181_1403,0.615532491
,
2019_1181_1414,0.816580256
,
2019_1181_1416,0.833801209
,
2019_1181_1429,0.813790718
,
2019_1181_1433,0.766041586
,
2019_1181_1436,0.838076359
,
2019_1181_1437,0.660706104
,
2019_1181_1438,0.44466534
,
2019_1181_1439,0.752123348
,
2019_1181_1449,0.811385819
,
2019_1181_1458,0.785845593
,
2019_1181_1459,0.788291481
,
2019_1181_1463,0.913042471
,
2019_1192_1196,0.179079838
,
2019_1192_1199,0.093659014
,
2019_1192_1205,0.550160858
,
2019_1192_1209,0.304541727
,
2019_1192_1211,1E-13
,
2019_1192_1222,0.091765168
,
2019_1192_1233,0.421900571
,
2019_1192_1234,0.201119655
,
2019_1192_1235,0.133810998
,
2019_1192_1242,0.146805688
,
2019_1192_1243,0.09673012
,
2019_1192_1246,0.088680101
,
2019_1192_1251,0.335061935
,
2019_1192_1257,0.196400169
,
2019_1192_1261,0.123203999
,
2019_1192_1266,0.15955294
,
2019_1192_1268,0.185639557
,
2019_1192_1276,0.097586402
,
2019_1192_1277,0.082865597
,
2019_1192_1278,0.229596988
,
2019_1192_1279,0.212740318
,
2019_1192_1280,0.134186868
,
2019_1192_1285,0.242475397
,
2019_1192_1293,0.188479656
,
2019_1192_1295,0.562967906
,
2019_1192_1297,0.280722753
,
2019_1192_1300,0.640718839
,
2019_1192_1305,0.10213029
,
2019_1192_1308,0.124492073
,
2019_1192_1314,0.058185988
,
2019_1192_1318,0.206953171
,
2019_1192_1326,0.194116579
,
2019_1192_1328,0.209154079
,
2019_1192_1330,0.282137692
,
2019_1192_1332,0.120495592
,
2019_1192_1341,0.506606997
,
2019_1192_1345,0.09142396
,
2019_1192_1371,0.147617274
,
2019_1192_1385,0.235504492
,
2019_1192_1387,0.25183546
,
2019_1192_1388,0.177033356
,
2019_1192_1393,0.174858356
,
2019_1192_1396,0.192319302
,
2019_1192_1397,0.102842155
,
2019_1192_1403,0.075038557
,
2019_1192_1414,0.196977865
,
2019_1192_1416,0.200444162
,
2019_1192_1429,0.152894025
,
2019_1192_1433,0.118239511
,
2019_1192_1436,0.17836003
,
2019_1192_1437,0.107168761
,
2019_1192_1438,0.052722698
,
2019_1192_1439,0.1245948
,
2019_1192_1449,0.166950564
,
2019_1192_1458,0.168396879
,
2019_1192_1459,0.162848061
,
2019_1192_1463,0.275435912
,
2019_1196_1199,0.275737707
,
2019_1196_1205,0.849412238
,
2019_1196_1209,0.741157853
,
2019_1196_1211,0.170829896
,
2019_1196_1222,0.259936981
,
2019_1196_1233,0.815716665
,
2019_1196_1234,0.611507576
,
2019_1196_1235,0.377451588
,
2019_1196_1242,0.362262256
,
2019_1196_1243,0.297117969
,
2019_1196_1246,0.255447391
,
2019_1196_1251,0.775052669
,
2019_1196_1257,0.50365941
,
2019_1196_1261,0.337587209
,
2019_1196_1266,0.419038044
,
2019_1196_1268,0.532612336
,
2019_1196_1276,0.270532916
,
2019_1196_1277,0.247060506
,
2019_1196_1278,0.640521541
,
2019_1196_1279,0.648081663
,
2019_1196_1280,0.406763425
,
2019_1196_1285,0.702348047
,
2019_1196_1293,0.593732841
,
2019_1196_1295,0.849890261
,
2019_1196_1297,0.733418191
,
2019_1196_1300,0.879953944
,
2019_1196_1305,0.328916967
,
2019_1196_1308,0.456395834
,
2019_1196_1314,0.189210364
,
2019_1196_1318,0.608638923
,
2019_1196_1326,0.586403901
,
2019_1196_1328,0.586421628
,
2019_1196_1330,0.693959517
,
2019_1196_1332,0.411574082
,
2019_1196_1341,0.835481443
,
2019_1196_1345,0.288288817
,
2019_1196_1371,0.46023203
,
2019_1196_1385,0.653740097
,
2019_1196_1387,0.640229259
,
2019_1196_1388,0.552625276
,
2019_1196_1393,0.546662266
,
2019_1196_1396,0.550830942
,
2019_1196_1397,0.269597832
,
2019_1196_1403,0.232558907
,
2019_1196_1414,0.578296173
,
2019_1196_1416,0.550974209
,
2019_1196_1429,0.498125534
,
2019_1196_1433,0.448316151
,
2019_1196_1436,0.584931438
,
2019_1196_1437,0.264895719
,
2019_1196_1438,0.156661887
,
2019_1196_1439,0.349506721
,
2019_1196_1449,0.4913016
,
2019_1196_1458,0.420579655
,
2019_1196_1459,0.545937032
,
2019_1196_1463,0.726141267
,
2019_1199_1205,0.911927315
,
2019_1199_1209,0.867031209
,
2019_1199_1211,0.35746631
,
2019_1199_1222,0.504219537
,
2019_1199_1233,0.906067707
,
2019_1199_1234,0.785570718
,
2019_1199_1235,0.645265575
,
2019_1199_1242,0.611032176
,
2019_1199_1243,0.556485526
,
2019_1199_1246,0.50096956
,
2019_1199_1251,0.878379985
,
2019_1199_1257,0.746320125
,
2019_1199_1261,0.613134309
,
2019_1199_1266,0.691765333
,
2019_1199_1268,0.752286607
,
2019_1199_1276,0.49821357
,
2019_1199_1277,0.483772638
,
2019_1199_1278,0.790792216
,
2019_1199_1279,0.788624783
,
2019_1199_1280,0.666331771
,
2019_1199_1285,0.83741938
,
2019_1199_1293,0.755181846
,
2019_1199_1295,0.924490258
,
2019_1199_1297,0.865269649
,
2019_1199_1300,0.93075059
,
2019_1199_1305,0.598315394
,
2019_1199_1308,0.674821259
,
2019_1199_1314,0.378114861
,
2019_1199_1318,0.770026795
,
2019_1199_1326,0.753374797
,
2019_1199_1328,0.753289309
,
2019_1199_1330,0.829745885
,
2019_1199_1332,0.662207547
,
2019_1199_1341,0.894085945
,
2019_1199_1345,0.528083199
,
2019_1199_1371,0.687582973
,
2019_1199_1385,0.785138405
,
2019_1199_1387,0.79115009
,
2019_1199_1388,0.777367475
,
2019_1199_1393,0.720429791
,
2019_1199_1396,0.752523768
,
2019_1199_1397,0.529497697
,
2019_1199_1403,0.459736024
,
2019_1199_1414,0.756585053
,
2019_1199_1416,0.744023676
,
2019_1199_1429,0.715929798
,
2019_1199_1433,0.663151009
,
2019_1199_1436,0.756783391
,
2019_1199_1437,0.514653771
,
2019_1199_1438,0.333493296
,
2019_1199_1439,0.620723067
,
2019_1199_1449,0.69411102
,
2019_1199_1458,0.670868568
,
2019_1199_1459,0.725512457
,
2019_1199_1463,0.861639558
,
2019_1205_1209,0.254711556
,
2019_1205_1211,0.049735046
,
2019_1205_1222,0.072956441
,
2019_1205_1233,0.344573535
,
2019_1205_1234,0.207166819
,
2019_1205_1235,0.121596874
,
2019_1205_1242,0.134369498
,
2019_1205_1243,0.088011816
,
2019_1205_1246,0.076367203
,
2019_1205_1251,0.285545461
,
2019_1205_1257,0.167994331
,
2019_1205_1261,0.098964482
,
2019_1205_1266,0.122588525
,
2019_1205_1268,0.171484297
,
2019_1205_1276,0.085902702
,
2019_1205_1277,0.068629911
,
2019_1205_1278,0.219055608
,
2019_1205_1279,0.232941014
,
2019_1205_1280,0.112950591
,
2019_1205_1285,0.201588644
,
2019_1205_1293,0.153543272
,
2019_1205_1295,0.472143161
,
2019_1205_1297,0.225060491
,
2019_1205_1300,0.540422122
,
2019_1205_1305,0.085392034
,
2019_1205_1308,0.103897018
,
2019_1205_1314,0.053131126
,
2019_1205_1318,0.16427819
,
2019_1205_1326,0.202951723
,
2019_1205_1328,0.214099833
,
2019_1205_1330,0.23610683
,
2019_1205_1332,0.110686252
,
2019_1205_1341,0.441039612
,
2019_1205_1345,0.079352728
,
2019_1205_1371,0.150674835
,
2019_1205_1385,0.240728523
,
2019_1205_1387,0.199634845
,
2019_1205_1388,0.151914675
,
2019_1205_1393,0.173977064
,
2019_1205_1396,0.175252723
,
2019_1205_1397,0.080325695
,
2019_1205_1403,0.068895012
,
2019_1205_1414,0.149355496
,
2019_1205_1416,0.183670562
,
2019_1205_1429,0.123689056
,
2019_1205_1433,0.10772575
,
2019_1205_1436,0.148695403
,
2019_1205_1437,0.084137112
,
2019_1205_1438,0.00000001
,
2019_1205_1439,0.107473496
,
2019_1205_1449,0.153381541
,
2019_1205_1458,0.130208296
,
2019_1205_1459,0.127509636
,
2019_1205_1463,0.208120067
,
2019_1209_1211,0.092735629
,
2019_1209_1222,0.133896347
,
2019_1209_1233,0.671518491
,
2019_1209_1234,0.372096958
,
2019_1209_1235,0.212462749
,
2019_1209_1242,0.231474823
,
2019_1209_1243,0.148563352
,
2019_1209_1246,0.141587843
,
2019_1209_1251,0.540136039
,
2019_1209_1257,0.280272762
,
2019_1209_1261,0.180524417
,
2019_1209_1266,0.221193038
,
2019_1209_1268,0.306498729
,
2019_1209_1276,0.143733049
,
2019_1209_1277,0.129215931
,
2019_1209_1278,0.373868015
,
2019_1209_1279,0.394429884
,
2019_1209_1280,0.201981121
,
2019_1209_1285,0.455731526
,
2019_1209_1293,0.289873144
,
2019_1209_1295,0.747299047
,
2019_1209_1297,0.476561778
,
2019_1209_1300,0.764826091
,
2019_1209_1305,0.156420414
,
2019_1209_1308,0.199163904
,
2019_1209_1314,0.091950837
,
2019_1209_1318,0.307705865
,
2019_1209_1326,0.350239349
,
2019_1209_1328,0.359963521
,
2019_1209_1330,0.409262654
,
2019_1209_1332,0.192772815
,
2019_1209_1341,0.68801151
,
2019_1209_1345,0.13922298
,
2019_1209_1371,0.263771905
,
2019_1209_1385,0.405111193
,
2019_1209_1387,0.365667469
,
2019_1209_1388,0.270513894
,
2019_1209_1393,0.311576401
,
2019_1209_1396,0.28369184
,
2019_1209_1397,0.150662464
,
2019_1209_1403,0.126020115
,
2019_1209_1414,0.285698623
,
2019_1209_1416,0.303022428
,
2019_1209_1429,0.229443542
,
2019_1209_1433,0.192843357
,
2019_1209_1436,0.296766012
,
2019_1209_1437,0.147041114
,
2019_1209_1438,0.082109636
,
2019_1209_1439,0.185325498
,
2019_1209_1449,0.262190512
,
2019_1209_1458,0.224215289
,
2019_1209_1459,0.258946637
,
2019_1209_1463,0.463967773
,
2019_1211_1222,0.631479793
,
2019_1211_1233,0.937626077
,
2019_1211_1234,0.849916331
,
2019_1211_1235,0.733223568
,
2019_1211_1242,0.709121922
,
2019_1211_1243,0.654216963
,
2019_1211_1246,0.624970482
,
2019_1211_1251,0.915844098
,
2019_1211_1257,0.811797565
,
2019_1211_1261,0.704579038
,
2019_1211_1266,0.7629243
,
2019_1211_1268,0.816602471
,
2019_1211_1276,0.629415863
,
2019_1211_1277,0.603375751
,
2019_1211_1278,0.847141962
,
2019_1211_1279,0.850422895
,
2019_1211_1280,0.74766233
,
2019_1211_1285,0.897295555
,
2019_1211_1293,0.836069489
,
2019_1211_1295,0.946892767
,
2019_1211_1297,0.905262502
,
2019_1211_1300,0.953164769
,
2019_1211_1305,0.717388693
,
2019_1211_1308,0.783920441
,
2019_1211_1314,0.464286443
,
2019_1211_1318,0.848937551
,
2019_1211_1326,0.822926172
,
2019_1211_1328,0.821316223
,
2019_1211_1330,0.87723239
,
2019_1211_1332,0.761807618
,
2019_1211_1341,0.932676311
,
2019_1211_1345,0.649143703
,
2019_1211_1371,0.769015621
,
2019_1211_1385,0.845177617
,
2019_1211_1387,0.85914882
,
2019_1211_1388,0.841530585
,
2019_1211_1393,0.799513786
,
2019_1211_1396,0.819872886
,
2019_1211_1397,0.627047443
,
2019_1211_1403,0.586319071
,
2019_1211_1414,0.839665214
,
2019_1211_1416,0.816850612
,
2019_1211_1429,0.804676676
,
2019_1211_1433,0.780396998
,
2019_1211_1436,0.844719547
,
2019_1211_1437,0.60325011
,
2019_1211_1438,0.424652143
,
2019_1211_1439,0.715355698
,
2019_1211_1449,0.7749036
,
2019_1211_1458,0.749278396
,
2019_1211_1459,0.818328967
,
2019_1211_1463,0.903934095
,
2019_1222_1233,0.915398423
,
2019_1222_1234,0.807518848
,
2019_1222_1235,0.668821849
,
2019_1222_1242,0.64725806
,
2019_1222_1243,0.588642345
,
2019_1222_1246,0.538959119
,
2019_1222_1251,0.891652315
,
2019_1222_1257,0.767807716
,
2019_1222_1261,0.629631862
,
2019_1222_1266,0.695066159
,
2019_1222_1268,0.771603073
,
2019_1222_1276,0.570023949
,
2019_1222_1277,0.515654572
,
2019_1222_1278,0.814029067
,
2019_1222_1279,0.817694892
,
2019_1222_1280,0.683121117
,
2019_1222_1285,0.863035006
,
2019_1222_1293,0.790079961
,
2019_1222_1295,0.929625079
,
2019_1222_1297,0.874253429
,
2019_1222_1300,0.93376779
,
2019_1222_1305,0.630668005
,
2019_1222_1308,0.6891742
,
2019_1222_1314,0.422945298
,
2019_1222_1318,0.803209798
,
2019_1222_1326,0.786831628
,
2019_1222_1328,0.785381941
,
2019_1222_1330,0.845628666
,
2019_1222_1332,0.700617467
,
2019_1222_1341,0.914831324
,
2019_1222_1345,0.576999096
,
2019_1222_1371,0.726360054
,
2019_1222_1385,0.819847543
,
2019_1222_1387,0.821957921
,
2019_1222_1388,0.786641901
,
2019_1222_1393,0.759493062
,
2019_1222_1396,0.778820803
,
2019_1222_1397,0.552689808
,
2019_1222_1403,0.509151437
,
2019_1222_1414,0.772931678
,
2019_1222_1416,0.777928851
,
2019_1222_1429,0.743737039
,
2019_1222_1433,0.701546188
,
2019_1222_1436,0.775644673
,
2019_1222_1437,0.528112101
,
2019_1222_1438,0.353992567
,
2019_1222_1439,0.651142142
,
2019_1222_1449,0.731619308
,
2019_1222_1458,0.69545994
,
2019_1222_1459,0.749782594
,
2019_1222_1463,0.872345983
,
2019_1233_1234,0.281201082
,
2019_1233_1235,0.172181692
,
2019_1233_1242,0.191210765
,
2019_1233_1243,0.125330205
,
2019_1233_1246,0.108205684
,
2019_1233_1251,0.388858812
,
2019_1233_1257,0.245944837
,
2019_1233_1261,0.142609319
,
2019_1233_1266,0.184133172
,
2019_1233_1268,0.249895925
,
2019_1233_1276,0.113196103
,
2019_1233_1277,0.102174587
,
2019_1233_1278,0.30815621
,
2019_1233_1279,0.310006022
,
2019_1233_1280,0.160820321
,
2019_1233_1285,0.282374802
,
2019_1233_1293,0.219561121
,
2019_1233_1295,0.63607274
,
2019_1233_1297,0.325807601
,
2019_1233_1300,0.681085775
,
2019_1233_1305,0.118260492
,
2019_1233_1308,0.149591779
,
2019_1233_1314,0
,
2019_1233_1318,0.234503894
,
2019_1233_1326,0.278720226
,
2019_1233_1328,0.288256201
,
2019_1233_1330,0.344430393
,
2019_1233_1332,0.150152662
,
2019_1233_1341,0.581700802
,
2019_1233_1345,0.110176612
,
2019_1233_1371,0.210140452
,
2019_1233_1385,0.319607728
,
2019_1233_1387,0.294591971
,
2019_1233_1388,0.218358268
,
2019_1233_1393,0.243917442
,
2019_1233_1396,0.239834596
,
2019_1233_1397,0.116009002
,
2019_1233_1403,0.095052978
,
2019_1233_1414,0.21966825
,
2019_1233_1416,0.255218351
,
2019_1233_1429,0.171591385
,
2019_1233_1433,0.148011009
,
2019_1233_1436,0.215154646
,
2019_1233_1437,0.123581363
,
2019_1233_1438,0.06437148
,
2019_1233_1439,0.153207691
,
2019_1233_1449,0.217827954
,
2019_1233_1458,0.192613135
,
2019_1233_1459,0.186575178
,
2019_1233_1463,0.299916212
,
2019_1234_1235,0.27707625
,
2019_1234_1242,0.269762381
,
2019_1234_1243,0.207661443
,
2019_1234_1246,0.188395203
,
2019_1234_1251,0.654910584
,
2019_1234_1257,0.351978067
,
2019_1234_1261,0.231953915
,
2019_1234_1266,0.293725261
,
2019_1234_1268,0.378867291
,
2019_1234_1276,0.197385746
,
2019_1234_1277,0.181672622
,
2019_1234_1278,0.482817284
,
2019_1234_1279,0.494488752
,
2019_1234_1280,0.271792557
,
2019_1234_1285,0.5784279
,
2019_1234_1293,0.43806927
,
2019_1234_1295,0.754681176
,
2019_1234_1297,0.595084975
,
2019_1234_1300,0.810032021
,
2019_1234_1305,0.214736455
,
2019_1234_1308,0.314444415
,
2019_1234_1314,0.134011846
,
2019_1234_1318,0.456044681
,
2019_1234_1326,0.42472455
,
2019_1234_1328,0.432565131
,
2019_1234_1330,0.571664725
,
2019_1234_1332,0.275748931
,
2019_1234_1341,0.746636241
,
2019_1234_1345,0.199044276
,
2019_1234_1371,0.327553674
,
2019_1234_1385,0.517310849
,
2019_1234_1387,0.506586232
,
2019_1234_1388,0.401743603
,
2019_1234_1393,0.392520146
,
2019_1234_1396,0.421442183
,
2019_1234_1397,0.196635339
,
2019_1234_1403,0.167324078
,
2019_1234_1414,0.433426912
,
2019_1234_1416,0.419013123
,
2019_1234_1429,0.350467058
,
2019_1234_1433,0.307381502
,
2019_1234_1436,0.435190623
,
2019_1234_1437,0.196016372
,
2019_1234_1438,0.114121343
,
2019_1234_1439,0.247094733
,
2019_1234_1449,0.35954125
,
2019_1234_1458,0.302035041
,
2019_1234_1459,0.39663944
,
2019_1234_1463,0.606578132
,
2019_1235_1242,0.415992328
,
2019_1235_1243,0.344502142
,
2019_1235_1246,0.316081905
,
2019_1235_1251,0.824628183
,
2019_1235_1257,0.562930815
,
2019_1235_1261,0.401516602
,
2019_1235_1266,0.496045732
,
2019_1235_1268,0.593785017
,
2019_1235_1276,0.317324324
,
2019_1235_1277,0.309134751
,
2019_1235_1278,0.690306119
,
2019_1235_1279,0.702627719
,
2019_1235_1280,0.476938755
,
2019_1235_1285,0.764841949
,
2019_1235_1293,0.663841035
,
2019_1235_1295,0.88984164
,
2019_1235_1297,0.788027253
,
2019_1235_1300,0.900474276
,
2019_1235_1305,0.399098882
,
2019_1235_1308,0.532362323
,
2019_1235_1314,0.219212319
,
2019_1235_1318,0.679598891
,
2019_1235_1326,0.633482502
,
2019_1235_1328,0.635226817
,
2019_1235_1330,0.749038275
,
2019_1235_1332,0.479727814
,
2019_1235_1341,0.864630773
,
2019_1235_1345,0.340682564
,
2019_1235_1371,0.518248695
,
2019_1235_1385,0.688402762
,
2019_1235_1387,0.69919478
,
2019_1235_1388,0.637145723
,
2019_1235_1393,0.609426831
,
2019_1235_1396,0.603952023
,
2019_1235_1397,0.326010786
,
2019_1235_1403,0.282091526
,
2019_1235_1414,0.6617937
,
2019_1235_1416,0.604090525
,
2019_1235_1429,0.580278893
,
2019_1235_1433,0.517359266
,
2019_1235_1436,0.662707901
,
2019_1235_1437,0.31140397
,
2019_1235_1438,0.190939582
,
2019_1235_1439,0.406709003
,
2019_1235_1449,0.550588579
,
2019_1235_1458,0.483711272
,
2019_1235_1459,0.625329734
,
2019_1235_1463,0.785167654
,
2019_1242_1243,0.474706334
,
2019_1242_1246,0.438690213
,
2019_1242_1251,0.832774046
,
2019_1242_1257,0.663772892
,
2019_1242_1261,0.505711583
,
2019_1242_1266,0.600957695
,
2019_1242_1268,0.691410708
,
2019_1242_1276,0.438225635
,
2019_1242_1277,0.42405406
,
2019_1242_1278,0.737100616
,
2019_1242_1279,0.730939122
,
2019_1242_1280,0.576386503
,
2019_1242_1285,0.787417049
,
2019_1242_1293,0.689271915
,
2019_1242_1295,0.87757204
,
2019_1242_1297,0.8089326
,
2019_1242_1300,0.897350055
,
2019_1242_1305,0.539226774
,
2019_1242_1308,0.617395322
,
2019_1242_1314,0.323271419
,
2019_1242_1318,0.706560486
,
2019_1242_1326,0.695736281
,
2019_1242_1328,0.693858032
,
2019_1242_1330,0.749583928
,
2019_1242_1332,0.592759704
,
2019_1242_1341,0.870402101
,
2019_1242_1345,0.467852045
,
2019_1242_1371,0.622451369
,
2019_1242_1385,0.733276501
,
2019_1242_1387,0.695287524
,
2019_1242_1388,0.706682942
,
2019_1242_1393,0.659718247
,
2019_1242_1396,0.677638306
,
2019_1242_1397,0.451453633
,
2019_1242_1403,0.400681578
,
2019_1242_1414,0.688943574
,
2019_1242_1416,0.664310854
,
2019_1242_1429,0.664439177
,
2019_1242_1433,0.60734065
,
2019_1242_1436,0.681898123
,
2019_1242_1437,0.419264991
,
2019_1242_1438,0.282185193
,
2019_1242_1439,0.527022426
,
2019_1242_1449,0.608270465
,
2019_1242_1458,0.570723096
,
2019_1242_1459,0.655261252
,
2019_1242_1463,0.80412821
,
2019_1243_1246,0.483574061
,
2019_1243_1251,0.874769791
,
2019_1243_1257,0.750054039
,
2019_1243_1261,0.59160625
,
2019_1243_1266,0.674079977
,
2019_1243_1268,0.754005659
,
2019_1243_1276,0.488575401
,
2019_1243_1277,0.466885947
,
2019_1243_1278,0.796946175
,
2019_1243_1279,0.789620791
,
2019_1243_1280,0.647585199
,
2019_1243_1285,0.830252093
,
2019_1243_1293,0.747019058
,
2019_1243_1295,0.919785656
,
2019_1243_1297,0.858824214
,
2019_1243_1300,0.931603214
,
2019_1243_1305,0.577886747
,
2019_1243_1308,0.675923443
,
2019_1243_1314,0.374689802
,
2019_1243_1318,0.763236342
,
2019_1243_1326,0.757140996
,
2019_1243_1328,0.757154436
,
2019_1243_1330,0.829080576
,
2019_1243_1332,0.647803428
,
2019_1243_1341,0.893350877
,
2019_1243_1345,0.509821354
,
2019_1243_1371,0.690887054
,
2019_1243_1385,0.788059533
,
2019_1243_1387,0.797938388
,
2019_1243_1388,0.762369848
,
2019_1243_1393,0.727018139
,
2019_1243_1396,0.743214562
,
2019_1243_1397,0.512971899
,
2019_1243_1403,0.439406767
,
2019_1243_1414,0.743603499
,
2019_1243_1416,0.751611757
,
2019_1243_1429,0.703822413
,
2019_1243_1433,0.653700255
,
2019_1243_1436,0.744969789
,
2019_1243_1437,0.499814532
,
2019_1243_1438,0.336431296
,
2019_1243_1439,0.601596797
,
2019_1243_1449,0.696882789
,
2019_1243_1458,0.671099557
,
2019_1243_1459,0.708399981
,
2019_1243_1463,0.85619668
,
2019_1246_1251,0.891542202
,
2019_1246_1257,0.753316224
,
2019_1246_1261,0.634102419
,
2019_1246_1266,0.703817928
,
2019_1246_1268,0.759171257
,
2019_1246_1276,0.544579974
,
2019_1246_1277,0.522426663
,
2019_1246_1278,0.798847231
,
2019_1246_1279,0.803631798
,
2019_1246_1280,0.686570495
,
2019_1246_1285,0.859837309
,
2019_1246_1293,0.788070296
,
2019_1246_1295,0.928384921
,
2019_1246_1297,0.872790802
,
2019_1246_1300,0.935088846
,
2019_1246_1305,0.62785106
,
2019_1246_1308,0.694955376
,
2019_1246_1314,0.414133399
,
2019_1246_1318,0.801294218
,
2019_1246_1326,0.766057174
,
2019_1246_1328,0.766537708
,
2019_1246_1330,0.834950046
,
2019_1246_1332,0.692226501
,
2019_1246_1341,0.915859771
,
2019_1246_1345,0.574049278
,
2019_1246_1371,0.707099307
,
2019_1246_1385,0.805711407
,
2019_1246_1387,0.805529983
,
2019_1246_1388,0.778746673
,
2019_1246_1393,0.746658914
,
2019_1246_1396,0.769344206
,
2019_1246_1397,0.549702765
,
2019_1246_1403,0.50613345
,
2019_1246_1414,0.775305621
,
2019_1246_1416,0.758456723
,
2019_1246_1429,0.746316027
,
2019_1246_1433,0.692967059
,
2019_1246_1436,0.778971472
,
2019_1246_1437,0.528915653
,
2019_1246_1438,0.351581762
,
2019_1246_1439,0.638732621
,
2019_1246_1449,0.71785031
,
2019_1246_1458,0.679050656
,
2019_1246_1459,0.747510431
,
2019_1246_1463,0.869332755
,
2019_1251_1257,0.288733714
,
2019_1251_1261,0.184658669
,
2019_1251_1266,0.219295659
,
2019_1251_1268,0.293105007
,
2019_1251_1276,0.139746063
,
2019_1251_1277,0.117922581
,
2019_1251_1278,0.361711343
,
2019_1251_1279,0.383577748
,
2019_1251_1280,0.206127354
,
2019_1251_1285,0.377184751
,
2019_1251_1293,0.27633811
,
2019_1251_1295,0.704675156
,
2019_1251_1297,0.435109815
,
2019_1251_1300,0.733289066
,
2019_1251_1305,0.146887522
,
2019_1251_1308,0.18530796
,
2019_1251_1314,0.092446849
,
2019_1251_1318,0.292689589
,
2019_1251_1326,0.345923458
,
2019_1251_1328,0.353202483
,
2019_1251_1330,0.423185578
,
2019_1251_1332,0.193146064
,
2019_1251_1341,0.636104615
,
2019_1251_1345,0.135299222
,
2019_1251_1371,0.264955189
,
2019_1251_1385,0.393815712
,
2019_1251_1387,0.373602178
,
2019_1251_1388,0.266421706
,
2019_1251_1393,0.302357338
,
2019_1251_1396,0.304092405
,
2019_1251_1397,0.147455447
,
2019_1251_1403,0.118416793
,
2019_1251_1414,0.267089106
,
2019_1251_1416,0.319263202
,
2019_1251_1429,0.207823824
,
2019_1251_1433,0.187456636
,
2019_1251_1436,0.275521819
,
2019_1251_1437,0.152084766
,
2019_1251_1438,0.077416181
,
2019_1251_1439,0.192541289
,
2019_1251_1449,0.272268018
,
2019_1251_1458,0.226174067
,
2019_1251_1459,0.241389908
,
2019_1251_1463,0.407462935
,
2019_1257_1261,0.33306356
,
2019_1257_1266,0.417103188
,
2019_1257_1268,0.53063205
,
2019_1257_1276,0.279298366
,
2019_1257_1277,0.259170091
,
2019_1257_1278,0.635816865
,
2019_1257_1279,0.642200356
,
2019_1257_1280,0.403367067
,
2019_1257_1285,0.704657549
,
2019_1257_1293,0.593085471
,
2019_1257_1295,0.838888096
,
2019_1257_1297,0.735577379
,
2019_1257_1300,0.872499164
,
2019_1257_1305,0.345787151
,
2019_1257_1308,0.47760539
,
2019_1257_1314,0.198226154
,
2019_1257_1318,0.610510974
,
2019_1257_1326,0.582981614
,
2019_1257_1328,0.58254404
,
2019_1257_1330,0.681415803
,
2019_1257_1332,0.429967487
,
2019_1257_1341,0.838431824
,
2019_1257_1345,0.300277204
,
2019_1257_1371,0.456732944
,
2019_1257_1385,0.630924242
,
2019_1257_1387,0.619835075
,
2019_1257_1388,0.573281963
,
2019_1257_1393,0.540288314
,
2019_1257_1396,0.549953829
,
2019_1257_1397,0.281115968
,
2019_1257_1403,0.243021123
,
2019_1257_1414,0.586199902
,
2019_1257_1416,0.547484987
,
2019_1257_1429,0.522003166
,
2019_1257_1433,0.467048263
,
2019_1257_1436,0.584804058
,
2019_1257_1437,0.262613758
,
2019_1257_1438,0.165313442
,
2019_1257_1439,0.352284241
,
2019_1257_1449,0.484882731
,
2019_1257_1458,0.416305006
,
2019_1257_1459,0.548680293
,
2019_1257_1463,0.725607377
,
2019_1261_1266,0.580039174
,
2019_1261_1268,0.660522361
,
2019_1261_1276,0.406017702
,
2019_1261_1277,0.37952137
,
2019_1261_1278,0.75780923
,
2019_1261_1279,0.761553149
,
2019_1261_1280,0.57038899
,
2019_1261_1285,0.812224427
,
2019_1261_1293,0.727172161
,
2019_1261_1295,0.905985929
,
2019_1261_1297,0.838579206
,
2019_1261_1300,0.924984393
,
2019_1261_1305,0.483932976
,
2019_1261_1308,0.628370655
,
2019_1261_1314,0.299225226
,
2019_1261_1318,0.739631841
,
2019_1261_1326,0.718391473
,
2019_1261_1328,0.70911112
,
2019_1261_1330,0.803443977
,
2019_1261_1332,0.570623326
,
2019_1261_1341,0.890148812
,
2019_1261_1345,0.428396081
,
2019_1261_1371,0.594798704
,
2019_1261_1385,0.756295341
,
2019_1261_1387,0.775584981
,
2019_1261_1388,0.719280123
,
2019_1261_1393,0.68171676
,
2019_1261_1396,0.698903598
,
2019_1261_1397,0.418489442
,
2019_1261_1403,0.360946463
,
2019_1261_1414,0.716121208
,
2019_1261_1416,0.70437395
,
2019_1261_1429,0.658293798
,
2019_1261_1433,0.618882584
,
2019_1261_1436,0.721631749
,
2019_1261_1437,0.406077688
,
2019_1261_1438,0.263662972
,
2019_1261_1439,0.51059797
,
2019_1261_1449,0.648994916
,
2019_1261_1458,0.579263713
,
2019_1261_1459,0.680719911
,
2019_1261_1463,0.834675356
,
2019_1266_1268,0.596127796
,
2019_1266_1276,0.372113509
,
2019_1266_1277,0.316455596
,
2019_1266_1278,0.711009737
,
2019_1266_1279,0.714744633
,
2019_1266_1280,0.506341542
,
2019_1266_1285,0.764542968
,
2019_1266_1293,0.68117875
,
2019_1266_1295,0.889249357
,
2019_1266_1297,0.799513008
,
2019_1266_1300,0.897829182
,
2019_1266_1305,0.436660679
,
2019_1266_1308,0.550052888
,
2019_1266_1314,0.266093398
,
2019_1266_1318,0.695267336
,
2019_1266_1326,0.65645364
,
2019_1266_1328,0.669225796
,
2019_1266_1330,0.756151317
,
2019_1266_1332,0.508417257
,
2019_1266_1341,0.861660749
,
2019_1266_1345,0.38625196
,
2019_1266_1371,0.5370605
,
2019_1266_1385,0.716860205
,
2019_1266_1387,0.729474047
,
2019_1266_1388,0.656530784
,
2019_1266_1393,0.623305375
,
2019_1266_1396,0.664749966
,
2019_1266_1397,0.374927723
,
2019_1266_1403,0.305650962
,
2019_1266_1414,0.669161598
,
2019_1266_1416,0.647333032
,
2019_1266_1429,0.607180272
,
2019_1266_1433,0.545785812
,
2019_1266_1436,0.661358566
,
2019_1266_1437,0.360428747
,
2019_1266_1438,0.218947984
,
2019_1266_1439,0.452099606
,
2019_1266_1449,0.588205832
,
2019_1266_1458,0.528144359
,
2019_1266_1459,0.640560741
,
2019_1266_1463,0.80103332
,
2019_1268_1276,0.289348727
,
2019_1268_1277,0.277612447
,
2019_1268_1278,0.645333486
,
2019_1268_1279,0.651641561
,
2019_1268_1280,0.42616769
,
2019_1268_1285,0.722414356
,
2019_1268_1293,0.609154893
,
2019_1268_1295,0.848938337
,
2019_1268_1297,0.748406758
,
2019_1268_1300,0.878162876
,
2019_1268_1305,0.36733692
,
2019_1268_1308,0.494347107
,
2019_1268_1314,0.199573702
,
2019_1268_1318,0.628498533
,
2019_1268_1326,0.592995094
,
2019_1268_1328,0.590855589
,
2019_1268_1330,0.692576858
,
2019_1268_1332,0.442733493
,
2019_1268_1341,0.847036476
,
2019_1268_1345,0.314545731
,
2019_1268_1371,0.467006361
,
2019_1268_1385,0.640824974
,
2019_1268_1387,0.631988374
,
2019_1268_1388,0.593440869
,
2019_1268_1393,0.552635242
,
2019_1268_1396,0.560162036
,
2019_1268_1397,0.300486558
,
2019_1268_1403,0.258686088
,
2019_1268_1414,0.608789943
,
2019_1268_1416,0.557704157
,
2019_1268_1429,0.545379859
,
2019_1268_1433,0.483762613
,
2019_1268_1436,0.600980493
,
2019_1268_1437,0.27369131
,
2019_1268_1438,0.170253619
,
2019_1268_1439,0.367725308
,
2019_1268_1449,0.497333279
,
2019_1268_1458,0.426382774
,
2019_1268_1459,0.571822484
,
2019_1268_1463,0.742564782
,
2019_1276_1277,0.446618245
,
2019_1276_1278,0.763955365
,
2019_1276_1279,0.777324666
,
2019_1276_1280,0.652004209
,
2019_1276_1285,0.82875059
,
2019_1276_1293,0.745732414
,
2019_1276_1295,0.914967565
,
2019_1276_1297,0.85611085
,
2019_1276_1300,0.921770678
,
2019_1276_1305,0.583242381
,
2019_1276_1308,0.645301165
,
2019_1276_1314,0.332211798
,
2019_1276_1318,0.758799628
,
2019_1276_1326,0.737782875
,
2019_1276_1328,0.737836976
,
2019_1276_1330,0.808078288
,
2019_1276_1332,0.647525324
,
2019_1276_1341,0.892641254
,
2019_1276_1345,0.509009522
,
2019_1276_1371,0.673721101
,
2019_1276_1385,0.775946291
,
2019_1276_1387,0.772278218
,
2019_1276_1388,0.751608466
,
2019_1276_1393,0.710977313
,
2019_1276_1396,0.7459068
,
2019_1276_1397,0.517747521
,
2019_1276_1403,0.447230091
,
2019_1276_1414,0.735393128
,
2019_1276_1416,0.731968924
,
2019_1276_1429,0.695620661
,
2019_1276_1433,0.648590282
,
2019_1276_1436,0.739135059
,
2019_1276_1437,0.490201479
,
2019_1276_1438,0.286081881
,
2019_1276_1439,0.605937098
,
2019_1276_1449,0.679850951
,
2019_1276_1458,0.628457048
,
2019_1276_1459,0.712922314
,
2019_1276_1463,0.854037092
,
2019_1277_1278,0.842655849
,
2019_1277_1279,0.848163514
,
2019_1277_1280,0.762018804
,
2019_1277_1285,0.879349809
,
2019_1277_1293,0.818072263
,
2019_1277_1295,0.941567608
,
2019_1277_1297,0.900867623
,
2019_1277_1300,0.946494041
,
2019_1277_1305,0.701687202
,
2019_1277_1308,0.724896695
,
2019_1277_1314,0.461414617
,
2019_1277_1318,0.810903395
,
2019_1277_1326,0.81535645
,
2019_1277_1328,0.827570872
,
2019_1277_1330,0.872224584
,
2019_1277_1332,0.75584659
,
2019_1277_1341,0.922435708
,
2019_1277_1345,0.63861213
,
2019_1277_1371,0.779195216
,
2019_1277_1385,0.847137404
,
2019_1277_1387,0.84667669
,
2019_1277_1388,0.83461164
,
2019_1277_1393,0.810220141
,
2019_1277_1396,0.819909058
,
2019_1277_1397,0.643426407
,
2019_1277_1403,0.573339376
,
2019_1277_1414,0.795984952
,
2019_1277_1416,0.810821453
,
2019_1277_1429,0.784593732
,
2019_1277_1433,0.743785311
,
2019_1277_1436,0.819360804
,
2019_1277_1437,0.6213864
,
2019_1277_1438,0.408635674
,
2019_1277_1439,0.721017171
,
2019_1277_1449,0.786573359
,
2019_1277_1458,0.755664933
,
2019_1277_1459,0.771958078
,
2019_1277_1463,0.89808369
,
2019_1278_1279,0.544616351
,
2019_1278_1280,0.334395797
,
2019_1278_1285,0.623896701
,
2019_1278_1293,0.508522443
,
2019_1278_1295,0.762840303
,
2019_1278_1297,0.638377973
,
2019_1278_1300,0.836880139
,
2019_1278_1305,0.271726769
,
2019_1278_1308,0.375584838
,
2019_1278_1314,0.154551755
,
2019_1278_1318,0.524919453
,
2019_1278_1326,0.478884527
,
2019_1278_1328,0.48621841
,
2019_1278_1330,0.609314141
,
2019_1278_1332,0.34188198
,
2019_1278_1341,0.791762403
,
2019_1278_1345,0.240873211
,
2019_1278_1371,0.36085692
,
2019_1278_1385,0.574595224
,
2019_1278_1387,0.552691588
,
2019_1278_1388,0.458148965
,
2019_1278_1393,0.445447856
,
2019_1278_1396,0.473955639
,
2019_1278_1397,0.224287597
,
2019_1278_1403,0.191838676
,
2019_1278_1414,0.492649628
,
2019_1278_1416,0.468095019
,
2019_1278_1429,0.415387745
,
2019_1278_1433,0.373972335
,
2019_1278_1436,0.502698385
,
2019_1278_1437,0.217507018
,
2019_1278_1438,0.128063451
,
2019_1278_1439,0.298416912
,
2019_1278_1449,0.415847929
,
2019_1278_1458,0.353082399
,
2019_1278_1459,0.465954589
,
2019_1278_1463,0.650843493
,
2019_1279_1280,0.253018647
,
2019_1279_1285,0.566401444
,
2019_1279_1293,0.41977592
,
2019_1279_1295,0.762262736
,
2019_1279_1297,0.577751408
,
2019_1279_1300,0.81934935
,
2019_1279_1305,0.202409943
,
2019_1279_1308,0.298322739
,
2019_1279_1314,0.125578132
,
2019_1279_1318,0.441281062
,
2019_1279_1326,0.412165119
,
2019_1279_1328,0.415155414
,
2019_1279_1330,0.550218683
,
2019_1279_1332,0.256798109
,
2019_1279_1341,0.762047345
,
2019_1279_1345,0.18740357
,
2019_1279_1371,0.306549514
,
2019_1279_1385,0.497248187
,
2019_1279_1387,0.488620412
,
2019_1279_1388,0.377345685
,
2019_1279_1393,0.368915257
,
2019_1279_1396,0.395455936
,
2019_1279_1397,0.185588289
,
2019_1279_1403,0.157174433
,
2019_1279_1414,0.410563273
,
2019_1279_1416,0.401720023
,
2019_1279_1429,0.33145666
,
2019_1279_1433,0.291712475
,
2019_1279_1436,0.42032483
,
2019_1279_1437,0.179706617
,
2019_1279_1438,0.105842006
,
2019_1279_1439,0.23215293
,
2019_1279_1449,0.341271245
,
2019_1279_1458,0.284476015
,
2019_1279_1459,0.378909576
,
2019_1279_1463,0.589397089
,
2019_1280_1285,0.80409456
,
2019_1280_1293,0.710883885
,
2019_1280_1295,0.912414171
,
2019_1280_1297,0.825602095
,
2019_1280_1300,0.923978499
,
2019_1280_1305,0.436506043
,
2019_1280_1308,0.572899872
,
2019_1280_1314,0.2508542
,
2019_1280_1318,0.730223055
,
2019_1280_1326,0.657669521
,
2019_1280_1328,0.659686287
,
2019_1280_1330,0.788980365
,
2019_1280_1332,0.516442327
,
2019_1280_1341,0.892058146
,
2019_1280_1345,0.383929815
,
2019_1280_1371,0.535219822
,
2019_1280_1385,0.709663396
,
2019_1280_1387,0.761126639
,
2019_1280_1388,0.680092851
,
2019_1280_1393,0.630819833
,
2019_1280_1396,0.645290841
,
2019_1280_1397,0.38070532
,
2019_1280_1403,0.323133314
,
2019_1280_1414,0.708389146
,
2019_1280_1416,0.648165005
,
2019_1280_1429,0.614113355
,
2019_1280_1433,0.55904308
,
2019_1280_1436,0.714881207
,
2019_1280_1437,0.357637831
,
2019_1280_1438,0.223885882
,
2019_1280_1439,0.456214734
,
2019_1280_1449,0.595966606
,
2019_1280_1458,0.524234616
,
2019_1280_1459,0.672464633
,
2019_1280_1463,0.827310852
,
2019_1285_1293,0.329432981
,
2019_1285_1295,0.77696125
,
2019_1285_1297,0.547164659
,
2019_1285_1300,0.794752264
,
2019_1285_1305,0.169642266
,
2019_1285_1308,0.213530077
,
2019_1285_1314,0.117488557
,
2019_1285_1318,0.339051933
,
2019_1285_1326,0.396967525
,
2019_1285_1328,0.400015268
,
2019_1285_1330,0.477310715
,
2019_1285_1332,0.231964079
,
2019_1285_1341,0.699509552
,
2019_1285_1345,0.167045368
,
2019_1285_1371,0.30645925
,
2019_1285_1385,0.438959912
,
2019_1285_1387,0.42938711
,
2019_1285_1388,0.317673566
,
2019_1285_1393,0.341487007
,
2019_1285_1396,0.349500135
,
2019_1285_1397,0.18208919
,
2019_1285_1403,0.146874543
,
2019_1285_1414,0.30187561
,
2019_1285_1416,0.368590206
,
2019_1285_1429,0.252344957
,
2019_1285_1433,0.212635161
,
2019_1285_1436,0.310940666
,
2019_1285_1437,0.186918047
,
2019_1285_1438,0.091855748
,
2019_1285_1439,0.232196575
,
2019_1285_1449,0.30922969
,
2019_1285_1458,0.272522667
,
2019_1285_1459,0.277979043
,
2019_1285_1463,0.52055953
,
2019_1293_1295,0.845174806
,
2019_1293_1297,0.662827974
,
2019_1293_1300,0.861118653
,
2019_1293_1305,0.244729007
,
2019_1293_1308,0.349550851
,
2019_1293_1314,0.164691325
,
2019_1293_1318,0.499857383
,
2019_1293_1326,0.490529495
,
2019_1293_1328,0.493309613
,
2019_1293_1330,0.619587637
,
2019_1293_1332,0.308345574
,
2019_1293_1341,0.803651621
,
2019_1293_1345,0.233273907
,
2019_1293_1371,0.374244468
,
2019_1293_1385,0.555863106
,
2019_1293_1387,0.573191043
,
2019_1293_1388,0.428045098
,
2019_1293_1393,0.433905463
,
2019_1293_1396,0.454086871
,
2019_1293_1397,0.232941691
,
2019_1293_1403,0.202538574
,
2019_1293_1414,0.478170462
,
2019_1293_1416,0.460572133
,
2019_1293_1429,0.382142858
,
2019_1293_1433,0.332196056
,
2019_1293_1436,0.482363247
,
2019_1293_1437,0.23875172
,
2019_1293_1438,0.137960322
,
2019_1293_1439,0.292219465
,
2019_1293_1449,0.398197114
,
2019_1293_1458,0.347197094
,
2019_1293_1459,0.436614827
,
2019_1293_1463,0.649810506
,
2019_1295_1297,0.268654111
,
2019_1295_1300,0.57628652
,
2019_1295_1305,0.104346135
,
2019_1295_1308,0.127894892
,
2019_1295_1314,0.064480784
,
2019_1295_1318,0.196971326
,
2019_1295_1326,0.250112452
,
2019_1295_1328,0.257452944
,
2019_1295_1330,0.269838706
,
2019_1295_1332,0.134429586
,
2019_1295_1341,0.490892604
,
2019_1295_1345,0.095737388
,
2019_1295_1371,0.186240162
,
2019_1295_1385,0.280847996
,
2019_1295_1387,0.227333867
,
2019_1295_1388,0.182685187
,
2019_1295_1393,0.208215282
,
2019_1295_1396,0.197984077
,
2019_1295_1397,0.095564332
,
2019_1295_1403,0.083315785
,
2019_1295_1414,0.17971749
,
2019_1295_1416,0.211989987
,
2019_1295_1429,0.149751945
,
2019_1295_1433,0.132477235
,
2019_1295_1436,0.178951437
,
2019_1295_1437,0.096388978
,
2019_1295_1438,0.054452043
,
2019_1295_1439,0.12266841
,
2019_1295_1449,0.171139695
,
2019_1295_1458,0.148084217
,
2019_1295_1459,0.154235878
,
2019_1295_1463,0.246959928
,
2019_1297_1300,0.79431327
,
2019_1297_1305,0.181864343
,
2019_1297_1308,0.224076368
,
2019_1297_1314,0.108534335
,
2019_1297_1318,0.344223169
,
2019_1297_1326,0.392786268
,
2019_1297_1328,0.399102113
,
2019_1297_1330,0.476403055
,
2019_1297_1332,0.226501718
,
2019_1297_1341,0.706219474
,
2019_1297_1345,0.164329272
,
2019_1297_1371,0.300909621
,
2019_1297_1385,0.443536853
,
2019_1297_1387,0.427690982
,
2019_1297_1388,0.320166963
,
2019_1297_1393,0.342941806
,
2019_1297_1396,0.345940191
,
2019_1297_1397,0.183788502
,
2019_1297_1403,0.14498188
,
2019_1297_1414,0.323311304
,
2019_1297_1416,0.361728531
,
2019_1297_1429,0.25752114
,
2019_1297_1433,0.222452814
,
2019_1297_1436,0.323386373
,
2019_1297_1437,0.184674277
,
2019_1297_1438,0.094003364
,
2019_1297_1439,0.230578234
,
2019_1297_1449,0.310611887
,
2019_1297_1458,0.274026861
,
2019_1297_1459,0.292916143
,
2019_1297_1463,0.523519538
,
2019_1300_1305,0.074458142
,
2019_1300_1308,0.091035411
,
2019_1300_1314,0.045631601
,
2019_1300_1318,0.151567174
,
2019_1300_1326,0.157000593
,
2019_1300_1328,0.160576333
,
2019_1300_1330,0.223964814
,
2019_1300_1332,0.097217628
,
2019_1300_1341,0.367901866
,
2019_1300_1345,0.069133677
,
2019_1300_1371,0.116250059
,
2019_1300_1385,0.178467027
,
2019_1300_1387,0.193970302
,
2019_1300_1388,0.14018855
,
2019_1300_1393,0.134603435
,
2019_1300_1396,0.144967278
,
2019_1300_1397,0.071205913
,
2019_1300_1403,0.059268637
,
2019_1300_1414,0.142378051
,
2019_1300_1416,0.157849901
,
2019_1300_1429,0.106777351
,
2019_1300_1433,0.093777336
,
2019_1300_1436,0.140549664
,
2019_1300_1437,0.078288334
,
2019_1300_1438,0.038889191
,
2019_1300_1439,0.097898454
,
2019_1300_1449,0.128233213
,
2019_1300_1458,0.125894786
,
2019_1300_1459,0.117514163
,
2019_1300_1463,0.200456561
,
2019_1305_1308,0.600059321
,
2019_1305_1314,0.3055958
,
2019_1305_1318,0.749694829
,
2019_1305_1326,0.702673925
,
2019_1305_1328,0.70016864
,
2019_1305_1330,0.803372172
,
2019_1305_1332,0.58471299
,
2019_1305_1341,0.900316114
,
2019_1305_1345,0.433066412
,
2019_1305_1371,0.590986359
,
2019_1305_1385,0.741107898
,
2019_1305_1387,0.777316225
,
2019_1305_1388,0.702380153
,
2019_1305_1393,0.666061263
,
2019_1305_1396,0.698431389
,
2019_1305_1397,0.401482838
,
2019_1305_1403,0.366405078
,
2019_1305_1414,0.720003099
,
2019_1305_1416,0.69640186
,
2019_1305_1429,0.646472003
,
2019_1305_1433,0.614945186
,
2019_1305_1436,0.731513411
,
2019_1305_1437,0.381681221
,
2019_1305_1438,0.245889705
,
2019_1305_1439,0.50842341
,
2019_1305_1449,0.632597339
,
2019_1305_1458,0.551906975
,
2019_1305_1459,0.699208453
,
2019_1305_1463,0.833242345
,
2019_1308_1314,0.257951388
,
2019_1308_1318,0.683163766
,
2019_1308_1326,0.634637147
,
2019_1308_1328,0.635154684
,
2019_1308_1330,0.757893271
,
2019_1308_1332,0.481531488
,
2019_1308_1341,0.87439147
,
2019_1308_1345,0.360815384
,
2019_1308_1371,0.510387828
,
2019_1308_1385,0.692673488
,
2019_1308_1387,0.730524837
,
2019_1308_1388,0.607586981
,
2019_1308_1393,0.589993126
,
2019_1308_1396,0.623048662
,
2019_1308_1397,0.343790594
,
2019_1308_1403,0.313402373
,
2019_1308_1414,0.646919211
,
2019_1308_1416,0.6184389
,
2019_1308_1429,0.542630695
,
2019_1308_1433,0.521540756
,
2019_1308_1436,0.661446701
,
2019_1308_1437,0.351269783
,
2019_1308_1438,0.214150768
,
2019_1308_1439,0.445941203
,
2019_1308_1449,0.554010579
,
2019_1308_1458,0.500603369
,
2019_1308_1459,0.622415303
,
2019_1308_1463,0.795662257
,
2019_1314_1318,0.838780518
,
2019_1314_1326,0.830123109
,
2019_1314_1328,0.837951307
,
2019_1314_1330,0.880481417
,
2019_1314_1332,0.778063602
,
2019_1314_1341,0.933274973
,
2019_1314_1345,0.682218433
,
2019_1314_1371,0.787007708
,
2019_1314_1385,0.848434871
,
2019_1314_1387,0.86028185
,
2019_1314_1388,0.842445733
,
2019_1314_1393,0.809681809
,
2019_1314_1396,0.829096641
,
2019_1314_1397,0.651606558
,
2019_1314_1403,0.616277294
,
2019_1314_1414,0.823132192
,
2019_1314_1416,0.825873339
,
2019_1314_1429,0.81377921
,
2019_1314_1433,0.773798433
,
2019_1314_1436,0.843431022
,
2019_1314_1437,0.644551145
,
2019_1314_1438,0.466372864
,
2019_1314_1439,0.736552576
,
2019_1314_1449,0.785985667
,
2019_1314_1458,0.770761683
,
2019_1314_1459,0.79560098
,
2019_1314_1463,0.902665409
,
2019_1318_1326,0.468565471
,
2019_1318_1328,0.472743588
,
2019_1318_1330,0.594931897
,
2019_1318_1332,0.297665229
,
2019_1318_1341,0.781593249
,
2019_1318_1345,0.215775186
,
2019_1318_1371,0.358962355
,
2019_1318_1385,0.531068487
,
2019_1318_1387,0.544211083
,
2019_1318_1388,0.399112049
,
2019_1318_1393,0.407829069
,
2019_1318_1396,0.440423779
,
2019_1318_1397,0.212357016
,
2019_1318_1403,0.188596455
,
2019_1318_1414,0.437472606
,
2019_1318_1416,0.438794191
,
2019_1318_1429,0.352924746
,
2019_1318_1433,0.306693082
,
2019_1318_1436,0.443893669
,
2019_1318_1437,0.217774831
,
2019_1318_1438,0.118730629
,
2019_1318_1439,0.273321283
,
2019_1318_1449,0.372853262
,
2019_1318_1458,0.315550264
,
2019_1318_1459,0.409132694
,
2019_1318_1463,0.634368007
,
2019_1326_1328,0.471065449
,
2019_1326_1330,0.596330048
,
2019_1326_1332,0.329418933
,
2019_1326_1341,0.781370654
,
2019_1326_1345,0.232740531
,
2019_1326_1371,0.35635767
,
2019_1326_1385,0.558290325
,
2019_1326_1387,0.535879887
,
2019_1326_1388,0.449587651
,
2019_1326_1393,0.43070259
,
2019_1326_1396,0.465707678
,
2019_1326_1397,0.216555156
,
2019_1326_1403,0.186757242
,
2019_1326_1414,0.481407003
,
2019_1326_1416,0.45461848
,
2019_1326_1429,0.404502542
,
2019_1326_1433,0.369404072
,
2019_1326_1436,0.485755977
,
2019_1326_1437,0.209945073
,
2019_1326_1438,0.123121853
,
2019_1326_1439,0.289081224
,
2019_1326_1449,0.40137331
,
2019_1326_1458,0.337757721
,
2019_1326_1459,0.454775093
,
2019_1326_1463,0.642172072
,
2019_1328_1330,0.599530279
,
2019_1328_1332,0.324906221
,
2019_1328_1341,0.783454908
,
2019_1328_1345,0.222658532
,
2019_1328_1371,0.343316854
,
2019_1328_1385,0.560746953
,
2019_1328_1387,0.534281346
,
2019_1328_1388,0.434215025
,
2019_1328_1393,0.424808486
,
2019_1328_1396,0.460265142
,
2019_1328_1397,0.209301892
,
2019_1328_1403,0.180272372
,
2019_1328_1414,0.477032077
,
2019_1328_1416,0.454839687
,
2019_1328_1429,0.399240805
,
2019_1328_1433,0.35540004
,
2019_1328_1436,0.486431217
,
2019_1328_1437,0.202855881
,
2019_1328_1438,0.115971827
,
2019_1328_1439,0.280267792
,
2019_1328_1449,0.395601666
,
2019_1328_1458,0.324903455
,
2019_1328_1459,0.453913907
,
2019_1328_1463,0.643225084
,
2019_1330_1332,0.257433805
,
2019_1330_1341,0.739491972
,
2019_1330_1345,0.186999048
,
2019_1330_1371,0.336347127
,
2019_1330_1385,0.52433868
,
2019_1330_1387,0.496010971
,
2019_1330_1388,0.370208813
,
2019_1330_1393,0.395008484
,
2019_1330_1396,0.392945756
,
2019_1330_1397,0.193717002
,
2019_1330_1403,0.163301812
,
2019_1330_1414,0.4089322
,
2019_1330_1416,0.387349245
,
2019_1330_1429,0.318906207
,
2019_1330_1433,0.273965929
,
2019_1330_1436,0.416002854
,
2019_1330_1437,0.19289703
,
2019_1330_1438,0.105406178
,
2019_1330_1439,0.24319049
,
2019_1330_1449,0.343373162
,
2019_1330_1458,0.296307527
,
2019_1330_1459,0.379714685
,
2019_1330_1463,0.587737737
,
2019_1332_1341,0.893867144
,
2019_1332_1345,0.380492036
,
2019_1332_1371,0.550347768
,
2019_1332_1385,0.721710684
,
2019_1332_1387,0.769896651
,
2019_1332_1388,0.69746402
,
2019_1332_1393,0.6449006
,
2019_1332_1396,0.659117927
,
2019_1332_1397,0.38985384
,
2019_1332_1403,0.319957192
,
2019_1332_1414,0.71638285
,
2019_1332_1416,0.661938749
,
2019_1332_1429,0.625931974
,
2019_1332_1433,0.560724964
,
2019_1332_1436,0.718723255
,
2019_1332_1437,0.371050319
,
2019_1332_1438,0.224848259
,
2019_1332_1439,0.471374363
,
2019_1332_1449,0.610556023
,
2019_1332_1458,0.546965734
,
2019_1332_1459,0.679055008
,
2019_1332_1463,0.837371906
,
2019_1341_1345,0.105932019
,
2019_1341_1371,0.165294397
,
2019_1341_1385,0.254663448
,
2019_1341_1387,0.267968921
,
2019_1341_1388,0.20609212
,
2019_1341_1393,0.196395651
,
2019_1341_1396,0.205115439
,
2019_1341_1397,0.106893958
,
2019_1341_1403,0.091942896
,
2019_1341_1414,0.211884089
,
2019_1341_1416,0.225578362
,
2019_1341_1429,0.171416843
,
2019_1341_1433,0.137272596
,
2019_1341_1436,0.207139275
,
2019_1341_1437,0.114622204
,
2019_1341_1438,0.060682408
,
2019_1341_1439,0.138512864
,
2019_1341_1449,0.18773546
,
2019_1341_1458,0.185981562
,
2019_1341_1459,0.175736748
,
2019_1341_1463,0.28557181
,
2019_1345_1371,0.657889672
,
2019_1345_1385,0.795898182
,
2019_1345_1387,0.812845962
,
2019_1345_1388,0.76879906
,
2019_1345_1393,0.732822701
,
2019_1345_1396,0.749095861
,
2019_1345_1397,0.481907627
,
2019_1345_1403,0.411143211
,
2019_1345_1414,0.755139251
,
2019_1345_1416,0.757363518
,
2019_1345_1429,0.714632961
,
2019_1345_1433,0.651901448
,
2019_1345_1436,0.755202687
,
2019_1345_1437,0.463632494
,
2019_1345_1438,0.282432565
,
2019_1345_1439,0.571371136
,
2019_1345_1449,0.703066422
,
2019_1345_1458,0.631605493
,
2019_1345_1459,0.722719712
,
2019_1345_1463,0.869136696
,
2019_1371_1385,0.680045276
,
2019_1371_1387,0.678607674
,
2019_1371_1388,0.629965713
,
2019_1371_1393,0.593354845
,
2019_1371_1396,0.59315103
,
2019_1371_1397,0.325930451
,
2019_1371_1403,0.281877558
,
2019_1371_1414,0.636873126
,
2019_1371_1416,0.596183292
,
2019_1371_1429,0.575161889
,
2019_1371_1433,0.519804206
,
2019_1371_1436,0.643155447
,
2019_1371_1437,0.300424059
,
2019_1371_1438,0.19926013
,
2019_1371_1439,0.395876325
,
2019_1371_1449,0.538886501
,
2019_1371_1458,0.468676046
,
2019_1371_1459,0.599828445
,
2019_1371_1463,0.769797666
,
2019_1385_1387,0.489326625
,
2019_1385_1388,0.37951744
,
2019_1385_1393,0.397529782
,
2019_1385_1396,0.398079831
,
2019_1385_1397,0.201480249
,
2019_1385_1403,0.171690017
,
2019_1385_1414,0.408744096
,
2019_1385_1416,0.401497342
,
2019_1385_1429,0.332906157
,
2019_1385_1433,0.294261265
,
2019_1385_1436,0.420099077
,
2019_1385_1437,0.195595274
,
2019_1385_1438,0.116643418
,
2019_1385_1439,0.247922132
,
2019_1385_1449,0.368995292
,
2019_1385_1458,0.297902976
,
2019_1385_1459,0.378691535
,
2019_1385_1463,0.591190002
,
2019_1387_1388,0.34888086
,
2019_1387_1393,0.36597825
,
2019_1387_1396,0.368547864
,
2019_1387_1397,0.174682763
,
2019_1387_1403,0.149452905
,
2019_1387_1414,0.366417309
,
2019_1387_1416,0.363091001
,
2019_1387_1429,0.295290966
,
2019_1387_1433,0.265135
,
2019_1387_1436,0.372770479
,
2019_1387_1437,0.172836486
,
2019_1387_1438,0.100147424
,
2019_1387_1439,0.217516032
,
2019_1387_1449,0.316154661
,
2019_1387_1458,0.268178316
,
2019_1387_1459,0.333969708
,
2019_1387_1463,0.553022432
,
2019_1388_1393,0.549581376
,
2019_1388_1396,0.567312628
,
2019_1388_1397,0.295497182
,
2019_1388_1403,0.250535623
,
2019_1388_1414,0.604912444
,
2019_1388_1416,0.581582713
,
2019_1388_1429,0.504000364
,
2019_1388_1433,0.460256072
,
2019_1388_1436,0.611410326
,
2019_1388_1437,0.305477374
,
2019_1388_1438,0.173581712
,
2019_1388_1439,0.385933966
,
2019_1388_1449,0.512979837
,
2019_1388_1458,0.461357355
,
2019_1388_1459,0.573087949
,
2019_1388_1463,0.75130338
,
2019_1393_1396,0.498769908
,
2019_1393_1397,0.254182049
,
2019_1393_1403,0.214919709
,
2019_1393_1414,0.558816838
,
2019_1393_1416,0.492154455
,
2019_1393_1429,0.477916714
,
2019_1393_1433,0.411942252
,
2019_1393_1436,0.562679902
,
2019_1393_1437,0.244939161
,
2019_1393_1438,0.148418359
,
2019_1393_1439,0.322283431
,
2019_1393_1449,0.441105815
,
2019_1393_1458,0.399230282
,
2019_1393_1459,0.518725581
,
2019_1393_1463,0.701131365
,
2019_1396_1397,0.210516029
,
2019_1396_1403,0.179690435
,
2019_1396_1414,0.462728837
,
2019_1396_1416,0.448885457
,
2019_1396_1429,0.37730218
,
2019_1396_1433,0.336100192
,
2019_1396_1436,0.470854397
,
2019_1396_1437,0.202756232
,
2019_1396_1438,0.122457993
,
2019_1396_1439,0.258366792
,
2019_1396_1449,0.390164274
,
2019_1396_1458,0.305621107
,
2019_1396_1459,0.429364398
,
2019_1396_1463,0.638763158
,
2019_1397_1403,0.459275907
,
2019_1397_1414,0.750566311
,
2019_1397_1416,0.735575848
,
2019_1397_1429,0.711446324
,
2019_1397_1433,0.662737042
,
2019_1397_1436,0.756442232
,
2019_1397_1437,0.498663489
,
2019_1397_1438,0.331676115
,
2019_1397_1439,0.610337169
,
2019_1397_1449,0.690746125
,
2019_1397_1458,0.655212171
,
2019_1397_1459,0.725143365
,
2019_1397_1463,0.858007852
,
2019_1403_1414,0.784906661
,
2019_1403_1416,0.762829752
,
2019_1403_1429,0.760725129
,
2019_1403_1433,0.698071049
,
2019_1403_1436,0.781554205
,
2019_1403_1437,0.535978111
,
2019_1403_1438,0.375639668
,
2019_1403_1439,0.638208973
,
2019_1403_1449,0.713954172
,
2019_1403_1458,0.681406602
,
2019_1403_1459,0.753494176
,
2019_1403_1463,0.876467656
,
2019_1414_1416,0.496978799
,
2019_1414_1429,0.408636736
,
2019_1414_1433,0.378189929
,
2019_1414_1436,0.51605234
,
2019_1414_1437,0.258710104
,
2019_1414_1438,0.146024685
,
2019_1414_1439,0.336801841
,
2019_1414_1449,0.442709856
,
2019_1414_1458,0.37812188
,
2019_1414_1459,0.480315459
,
2019_1414_1463,0.68747886
,
2019_1416_1429,0.511697507
,
2019_1416_1433,0.45287011
,
2019_1416_1436,0.604781899
,
2019_1416_1437,0.294637728
,
2019_1416_1438,0.169633837
,
2019_1416_1439,0.384033099
,
2019_1416_1449,0.5019439
,
2019_1416_1458,0.446864821
,
2019_1416_1459,0.575705559
,
2019_1416_1463,0.743513392
,
2019_1429_1433,0.439602028
,
2019_1429_1436,0.598065903
,
2019_1429_1437,0.318473163
,
2019_1429_1438,0.178073482
,
2019_1429_1439,0.393428701
,
2019_1429_1449,0.508910795
,
2019_1429_1458,0.446229845
,
2019_1429_1459,0.566001231
,
2019_1429_1463,0.757095706
,
2019_1433_1436,0.698137049
,
2019_1433_1437,0.376321931
,
2019_1433_1438,0.225708026
,
2019_1433_1439,0.490569065
,
2019_1433_1449,0.612431084
,
2019_1433_1458,0.5546749
,
2019_1433_1459,0.656951278
,
2019_1433_1463,0.812621306
,
2019_1436_1437,0.267355196
,
2019_1436_1438,0.150088393
,
2019_1436_1439,0.341896283
,
2019_1436_1449,0.446169977
,
2019_1436_1458,0.39554711
,
2019_1436_1459,0.470276012
,
2019_1436_1463,0.682652079
,
2019_1437_1438,0.318585136
,
2019_1437_1439,0.583541573
,
2019_1437_1449,0.665698327
,
2019_1437_1458,0.633001441
,
2019_1437_1459,0.700049421
,
2019_1437_1463,0.8433427
,
2019_1438_1439,0.746191192
,
2019_1438_1449,0.807751869
,
2019_1438_1458,0.791396924
,
2019_1438_1459,0.807903236
,
2019_1438_1463,0.913183834
,
2019_1439_1449,0.608006632
,
2019_1439_1458,0.539786773
,
2019_1439_1459,0.649774784
,
2019_1439_1463,0.808024289
,
2019_1449_1458,0.446712938
,
2019_1449_1459,0.5654705
,
2019_1449_1463,0.743799852
,
2019_1458_1459,0.643325762
,
2019_1458_1463,0.802943646
,
2019_1459_1463,0.690981509
